Sex,Age,count,coeff
All,0-20,1.659,0.7645998102749911
All,20-40,6.865,0.7017953164004274
All,40-60,11.612,0.4365552518556383
All,60-80,6.251,0.3295179882908662
All,80+,0.297,0.8318743668460712
F,0-20,0.64,0.8160843328295372
F,20-40,3.001,0.7776081375911529
F,40-60,5.216,0.7321863811281775
F,60-80,2.51,0.7456687269316945
F,80+,0.151,1.0
F,,11.518,0.3428268995422919
M,0-20,1.019,0.7346631076522474
M,20-40,3.864,0.40935333189676115
M,40-60,6.396,0.40929720564201255
M,60-80,3.741,0.28189948556352873
M,80+,0.146,0.948516507839823
M,,15.166,0.0
