Sex,Age,count,coeff
All,0-20,1.659,0.5755095013640211
All,20-40,6.865,0.53913138362594
All,40-60,11.612,0.48501764711996326
All,60-80,6.251,1.0
All,80+,0.297,0.696340557611818
F,0-20,0.64,0.6096024699546692
F,20-40,3.001,0.5829708887898856
F,40-60,5.216,0.5233509511275984
F,60-80,2.51,0.6478697421233374
F,80+,0.151,0.6200866624324062
F,,11.518,0.0
M,0-20,1.019,0.5707418081348716
M,20-40,3.864,0.2780135793603356
M,40-60,6.396,0.3916256527210102
M,60-80,3.741,0.5487585202027847
M,80+,0.146,0.6822781518345611
M,,15.166,0.41606636792483864
