Sex,Age,count,coeff
All,0-20,1.659,0.7320607195153228
All,20-40,6.865,0.740710440111239
All,40-60,11.612,0.6848100966125222
All,60-80,6.251,0.5354029500527986
All,80+,0.297,0.4316830830997369
F,0-20,0.64,0.7549073473386577
F,20-40,3.001,0.7612582849801833
F,40-60,5.216,1.0
F,60-80,2.51,0.7303694960273424
F,80+,0.151,0.8051152133624958
F,,11.518,0.7784753454524054
M,0-20,1.019,0.7665442971703816
M,20-40,3.864,0.826473762639902
M,40-60,6.396,0.8671954061206772
M,60-80,3.741,0.5840312722006898
M,80+,0.146,0.7789695694836934
M,,15.166,0.0
