Sex,Age,count,coeff
All,0-20,1.659,0.7554097452353485
All,20-40,6.865,0.7077510303927262
All,40-60,11.612,0.6981585874236761
All,60-80,6.251,0.3666647887749031
All,80+,0.297,0.34700934105972453
F,0-20,0.64,0.792238256724564
F,20-40,3.001,0.7727458939649436
F,40-60,5.216,0.9327338002473664
F,60-80,2.51,0.7375328150385683
F,80+,0.151,0.7627119513463353
F,,11.518,0.4016811876734094
M,0-20,1.019,0.6843629430931897
M,20-40,3.864,0.8180461043731556
M,40-60,6.396,1.0
M,60-80,3.741,0.6184811037646811
M,80+,0.146,0.7087312892394861
M,,15.166,0.0
