Sex,Age,count,coeff
All,0-20,1.659,0.8183640502923165
All,20-40,6.865,0.8024045807571228
All,40-60,11.612,0.9425993260864437
All,60-80,6.251,1.0
All,80+,0.297,0.6994338839472698
F,0-20,0.64,0.8789044936166689
F,20-40,3.001,0.8184627660049515
F,40-60,5.216,0.7976634003537799
F,60-80,2.51,0.6232638875315658
F,80+,0.151,0.8235932493955207
F,,11.518,0.1310470071737926
M,0-20,1.019,0.7478612737446536
M,20-40,3.864,0.634844429419134
M,40-60,6.396,0.4036127141009408
M,60-80,3.741,0.5266214632708395
M,80+,0.146,0.864144435777114
M,,15.166,0.0
