Sex,Age,coeff_auroc,coeff_fnr,coeff_for
F,0-20,0.792238256724564,0.8900136228223734,0.8789044936166689
F,20-40,0.7727458939649436,0.7826295996180173,0.8184627660049515
F,40-60,0.9327338002473664,0.7808504112477261,0.7976634003537799
F,60-80,0.7375328150385683,0.702260554927665,0.6232638875315658
F,80+,0.7627119513463353,0.95436222275408,0.8235932493955207
F,,0.4016811876734094,0.3001259634922313,0.1310470071737926
M,0-20,0.6843629430931897,0.7721598523109647,0.7478612737446536
M,20-40,0.8180461043731556,0.5707863349948508,0.634844429419134
M,40-60,1.0,0.0,0.4036127141009408
M,60-80,0.6184811037646811,0.4018570350322403,0.5266214632708395
M,80+,0.7087312892394861,1.0,0.864144435777114
M,,0.0,0.2604498828794883,0.0
,0-20,0.7554097452353485,0.8070024079787488,0.8183640502923165
,20-40,0.7077510303927262,0.7628751450912977,0.8024045807571228
,40-60,0.6981585874236761,0.635901069640295,0.9425993260864436
,60-80,0.3666647887749031,0.0909631833512603,1.0
,80+,0.3470093410597245,0.598970958430029,0.6994338839472698
