Sex,Age,count,coeff
All,0-20,1.659,0.8070024079787488
All,20-40,6.865,0.7628751450912977
All,40-60,11.612,0.635901069640295
All,60-80,6.251,0.09096318335126033
All,80+,0.297,0.598970958430029
F,0-20,0.64,0.8900136228223734
F,20-40,3.001,0.7826295996180173
F,40-60,5.216,0.7808504112477261
F,60-80,2.51,0.702260554927665
F,80+,0.151,0.9543622227540799
F,,11.518,0.3001259634922313
M,0-20,1.019,0.7721598523109647
M,20-40,3.864,0.5707863349948508
M,40-60,6.396,0.0
M,60-80,3.741,0.4018570350322403
M,80+,0.146,1.0
M,,15.166,0.2604498828794883
