Sex,Age,count,coeff
All,0-20,1.659,1.0
All,20-40,6.865,0.17861085339831534
All,40-60,11.612,0.7507838373344503
All,60-80,6.251,0.6613839013997479
All,80+,0.297,0.5246064613435218
F,,11.518,0.8759036337760572
M,,15.166,0.0
