Sex,Age,count,coeff
All,0-20,1.659,0.7166073040759138
All,20-40,6.865,0.5903278106284046
All,40-60,11.612,0.5934326450715726
All,60-80,6.251,0.5562423105333844
All,80+,0.297,1.0
F,0-20,0.64,0.9555312214469022
F,20-40,3.001,0.858071213484148
F,40-60,5.216,0.8626022709327004
F,60-80,2.51,0.8507640939635516
F,80+,0.151,0.9974407018649664
F,,11.518,0.03271589959242913
M,0-20,1.019,0.8921012592488539
M,20-40,3.864,0.6318366417146623
M,40-60,6.396,0.2669836877977409
M,60-80,3.741,0.6048330085150405
M,80+,0.146,0.9747559737831993
M,,15.166,0.0
