Sex,Age,count,coeff
All,0-20,1.659,0.9725336609301964
All,20-40,6.865,0.17370506713733022
All,40-60,11.612,0.7301625538900941
All,60-80,6.251,0.6432181069085928
All,80+,0.297,0.5101974423980509
F,0-20,0.64,0.465354350610177
F,20-40,3.001,0.6287708060943049
F,40-60,5.216,0.32864280885255615
F,60-80,2.51,0.4715682324563998
F,80+,0.151,0.48619027407233556
F,,11.518,0.8518457675782909
M,0-20,1.019,0.606358679780453
M,20-40,3.864,0.5329395188417291
M,40-60,6.396,1.0
M,60-80,3.741,0.5861480535458777
M,80+,0.146,0.4916098822938328
M,,15.166,0.0
