Sex,Age,coeff_auroc,coeff_fnr,coeff_for
F,,0.8759036337760572,0.5135156293731273,0.0327158995924291
M,,0.0,0.0,0.0
,0-20,1.0,0.5898514026302919,0.7166073040759138
,20-40,0.1786108533983153,0.3002559798531379,0.5903278106284046
,40-60,0.7507838373344503,0.3519056320525019,0.5934326450715726
,60-80,0.6613839013997479,0.5829827285240766,0.5562423105333844
,80+,0.5246064613435218,1.0,1.0
