Sex,Age,count,coeff
All,0-20,1.659,0.5845733249263311
All,20-40,6.865,0.2975692448794193
All,40-60,11.612,0.34875672834191984
All,60-80,6.251,0.577766112733225
All,80+,0.297,0.9910518519063877
F,0-20,0.64,0.9061119257874571
F,20-40,3.001,0.762943182048934
F,40-60,5.216,0.8208779969474621
F,60-80,2.51,0.7549140136033142
F,80+,0.151,1.0
F,,11.518,0.5089206154731121
M,0-20,1.019,0.8028123276253721
M,20-40,3.864,0.3550331860393269
M,40-60,6.396,0.21508233059373807
M,60-80,3.741,0.6541477972050673
M,80+,0.146,0.9535838578224738
M,,15.166,0.0
