Sex,Age,count,coeff
All,0-20,1.659,0.5898514026302919
All,20-40,6.865,0.3002559798531379
All,40-60,11.612,0.3519056320525019
All,60-80,6.251,0.5829827285240766
All,80+,0.297,1.0
F,,11.518,0.5135156293731273
M,,15.166,0.0
