Sex,Age,count,coeff
All,0-20,1.659,0.7166073040759138
All,20-40,6.865,0.5903278106284046
All,40-60,11.612,0.5934326450715726
All,60-80,6.251,0.5562423105333844
All,80+,0.297,1.0
F,,11.518,0.03271589959242913
M,,15.166,0.0
