Sex,Age,coeff_auroc,coeff_fnr,coeff_for
F,0-20,0.465354350610177,0.9061119257874573,0.9555312214469022
F,20-40,0.6287708060943049,0.762943182048934,0.858071213484148
F,40-60,0.3286428088525561,0.8208779969474621,0.8626022709327004
F,60-80,0.4715682324563998,0.7549140136033142,0.8507640939635516
F,80+,0.4861902740723355,1.0,0.9974407018649664
F,,0.8518457675782909,0.5089206154731121,0.0327158995924291
M,0-20,0.606358679780453,0.8028123276253721,0.8921012592488539
M,20-40,0.5329395188417291,0.3550331860393269,0.6318366417146623
M,40-60,1.0,0.215082330593738,0.2669836877977409
M,60-80,0.5861480535458777,0.6541477972050673,0.6048330085150405
M,80+,0.4916098822938328,0.9535838578224738,0.9747559737831992
M,,0.0,0.0,0.0
,0-20,0.9725336609301964,0.5845733249263311,0.7166073040759138
,20-40,0.1737050671373302,0.2975692448794193,0.5903278106284046
,40-60,0.7301625538900941,0.3487567283419198,0.5934326450715726
,60-80,0.6432181069085928,0.577766112733225,0.5562423105333844
,80+,0.5101974423980509,0.9910518519063876,1.0
