Sex,Age,count,coeff
All,0-20,1.659,0.20248462955204283
All,20-40,6.865,0.8109047419876801
All,40-60,11.612,0.6415732897350989
All,60-80,6.251,0.0
All,80+,0.297,0.45619466195951813
F,0-20,0.64,0.3452617924035229
F,20-40,3.001,0.40891467317638885
F,40-60,5.216,0.5903307166233902
F,60-80,2.51,0.3994082932660187
F,80+,0.151,0.38066639155944654
F,,11.518,1.0
M,0-20,1.019,0.3083120683571924
M,20-40,3.864,0.8121285855204825
M,40-60,6.396,0.5337010413465424
M,60-80,3.741,0.5478007927313039
M,80+,0.146,0.44385518987789907
M,,15.166,0.8673105249612679
