Sex,Age,count,coeff
All,0-20,1.659,0.6876575743856769
All,20-40,6.865,1.0
All,40-60,11.612,0.6951087852194314
All,60-80,6.251,0.0
All,80+,0.297,0.7128279839212435
F,0-20,0.64,0.8178616818554064
F,20-40,3.001,0.7248943317695192
F,40-60,5.216,0.8096667425687271
F,60-80,2.51,0.3081152269243733
F,80+,0.151,0.6747086191853647
F,,11.518,0.9350958663901258
M,0-20,1.019,0.7599836506584259
M,20-40,3.864,0.8076633499726684
M,40-60,6.396,0.6589037880676201
M,60-80,3.741,0.31913268277707013
M,80+,0.146,0.8599978816580364
M,,15.166,0.081960369830328
