Sex,Age,count,coeff
All,0-20,1.659,0.0
All,20-40,6.865,0.7166877535453259
All,40-60,11.612,0.684664080541897
All,60-80,6.251,0.8195896039441956
All,80+,0.297,0.4949838814493335
F,0-20,0.64,0.14553816257637217
F,20-40,3.001,0.267704475837858
F,40-60,5.216,0.5601938544674094
F,60-80,2.51,0.718087955607508
F,80+,0.151,0.36632924939252093
F,,11.518,1.0
M,0-20,1.019,0.09554382235856015
M,20-40,3.864,0.8629811388470785
M,40-60,6.396,0.5637933954352772
M,60-80,3.741,0.7583194453872041
M,80+,0.146,0.2940803286741167
M,,15.166,0.9811677774830401
