Sex,Age,count,coeff
All,0-20,1.659,0.22951895365320074
All,20-40,6.865,0.4512085022363536
All,40-60,11.612,0.38815574279222126
All,60-80,6.251,0.0
All,80+,0.297,0.26702290477425666
F,0-20,0.64,0.17218429841327554
F,20-40,3.001,0.23523730075816038
F,40-60,5.216,0.4895124258402972
F,60-80,2.51,0.41257033939199217
F,80+,0.151,0.19024726165648442
F,,11.518,0.847033280025895
M,0-20,1.019,0.3091141971062592
M,20-40,3.864,0.5242507013052472
M,40-60,6.396,0.3934802745455227
M,60-80,3.741,0.3589069334849269
M,80+,0.146,0.013842915399776183
M,,15.166,1.0
