Sex,Age,count,coeff
All,0-20,1.659,0.06739321743115695
All,20-40,6.865,0.48422597920501836
All,40-60,11.612,0.5451778893247776
All,60-80,6.251,0.7341525069662735
All,80+,0.297,0.3057395546591926
F,0-20,0.64,0.11700326045075077
F,20-40,3.001,0.18587681368445355
F,40-60,5.216,0.5219406371006231
F,60-80,2.51,0.7159251944764243
F,80+,0.151,0.2120410728037742
F,,11.518,0.925127874333219
M,0-20,1.019,0.2047782296868048
M,20-40,3.864,0.6471384165764494
M,40-60,6.396,0.5582924947947902
M,60-80,3.741,0.6723333910530382
M,80+,0.146,0.0
M,,15.166,1.0
