Sex,Age,count,coeff
All,0-20,1.659,0.8212903508835494
All,20-40,6.865,0.7663846893224924
All,40-60,11.612,0.8394995380818154
All,60-80,6.251,0.0
All,80+,0.297,0.683843409731246
F,0-20,0.64,0.6660720250823584
F,20-40,3.001,0.7657163273243
F,40-60,5.216,0.8917645258302737
F,60-80,2.51,0.1499382250314973
F,80+,0.151,0.7139439581447178
F,,11.518,0.856098856769844
M,0-20,1.019,1.0
M,20-40,3.864,0.6664240398100849
M,40-60,6.396,0.668069431333532
M,60-80,3.741,0.4129474453683471
M,80+,0.146,0.7030874903508816
M,,15.166,0.04261533847709401
