Sex,Age,count,coeff
All,0-20,1.659,1.0
All,20-40,6.865,0.11575702719026505
All,40-60,11.612,0.47732019577099943
All,60-80,6.251,0.207908135747281
All,80+,0.297,0.4816660760454762
F,,11.518,0.7760971907106103
M,,15.166,0.0
