Sex,Age,count,coeff
All,0-20,1.659,1.0
All,20-40,6.865,0.6670625966628
All,40-60,11.612,0.0
All,60-80,6.251,0.5320858107540349
All,80+,0.297,0.21948608432509062
F,,11.518,0.8804585655271085
M,,15.166,0.7302038498892179
