Sex,Age,count,coeff
All,0-20,1.659,0.9798161484317167
All,20-40,6.865,0.7367618797223704
All,40-60,11.612,0.01861053111122325
All,60-80,6.251,0.5482439066519899
All,80+,0.297,0.0
F,,11.518,1.0
M,,15.166,0.8942514187572658
