Sex,Age,count,coeff
All,0-20,1.659,0.9862152362313048
All,20-40,6.865,0.8202188868330498
All,40-60,11.612,0.32975022393768344
All,60-80,6.251,0.691468647259749
All,80+,0.297,0.3170399751474431
F,0-20,0.64,0.06576467682748956
F,20-40,3.001,0.39191670162009656
F,40-60,5.216,0.6684253711469353
F,60-80,2.51,0.7492083554701399
F,80+,0.151,0.0
F,,11.518,1.0
M,0-20,1.019,0.7509385099310061
M,20-40,3.864,0.5995031888783265
M,40-60,6.396,0.5573102712007606
M,60-80,3.741,0.5617760787164445
M,80+,0.146,0.751841299461868
M,,15.166,0.9277779463263395
