Sex,Age,count,coeff
All,0-20,1.659,1.0
All,20-40,6.865,0.11575702719026505
All,40-60,11.612,0.47732019577099943
All,60-80,6.251,0.207908135747281
All,80+,0.297,0.4816660760454762
F,0-20,0.64,0.25023168710632204
F,20-40,3.001,0.504922352657854
F,40-60,5.216,0.4914981985970099
F,60-80,2.51,0.2792085912637736
F,80+,0.151,0.41484785046355854
F,,11.518,0.7760971907106103
M,0-20,1.019,0.7769924320118266
M,20-40,3.864,0.4710529550293684
M,40-60,6.396,0.7712927130868339
M,60-80,3.741,0.255675151999819
M,80+,0.146,0.4743769745745974
M,,15.166,0.0
